n_smartphones,n_replicas,requests_per_sec,throughput_per_sec
4,5,2.596488,1153.74
4,5,1.497941,689.45
4,5,1.797419,828.51
4,3,2.695916,1238.62
4,3,1.79715,824.19
4,3,2.197219,1012.52
4,4,2.596442,1194.86
4,4,1.597648,735.72
4,4,1.797145,826.59
4,2,1.897244,850.56
4,2,0.898596,390.89
4,2,1.198067,528.95
4,1,0.998657,458.08
4,1,0,0
4,1,0,0