n_smartphones,n_replicas,requests_per_sec,throughput_per_sec
4,4,2.097001,966.72
4,4,1.397828,620.84
4,4,1.597639,736.41
3,3,1.897628,873.31
3,3,0.898637,412.87
3,3,1.0985,504.01
2,2,1.698043,758.43
2,2,0.79882,365.96
2,2,0.299567,138.1
1,1,0.79882,368.56
1,1,0,0
1,1,0,0